Id,1Script,2Script,3Script,4Script,InitScript,EntryScript
Id,选项1脚本,选项2脚本,选项3脚本;,选项4脚本,含所有选项的解锁条件,退出脚本，为后置事件准备的
*999,"PlayerInfo.ContinueEvent(""2"");PlayerInfo.Hp+=PlayerInfo.MaxHp*3/10;","PlayerInfo.ContinueEvent(""2"");",,,"Vars[""Choice1""]=""1"";
Vars[""Choice2""]=""1"";",
Sub_*999_2,"PlayerInfo.StartLevel(""build"",""shop"");PlayerInfo.EndEvent();",PlayerInfo.EndEvent();,,,"Vars[""Choice1""]=""1"";
Vars[""Choice2""]=""1"";",
*1000,"PlayerInfo.ContinueEvent(""2"");PlayerInfo.Hp+=PlayerInfo.MaxHp*3/10;PlayerInfo.Goodbless(""4"");","PlayerInfo.ContinueEvent(""2"");PlayerInfo.Hp+=PlayerInfo.MaxHp*3/10;PlayerInfo.Goodbless(""4"");",,,"Vars[""Choice1""]=""1"";
Vars[""Choice2""]=""1"";",
Sub_*1000_2,PlayerInfo.EndEvent();,PlayerInfo.EndEvent();,,,"Vars[""Choice1""]=""1"";
Vars[""Choice2""]=""1"";",
1,"int baseCount = PlayerInfo.CardTotalCount;
        PlayerInfo.RemoveCard(""All"");
        PlayerInfo.RandomAddCardByDeck(baseCount.ToString());
        int relicCount = PlayerInfo.RelicCount;
        PlayerInfo.RemoveRelic(""All"");
        PlayerInfo.RandomAddRelic(relicCount.ToString());
        PlayerInfo.Hp = PlayerInfo.MaxHp;
        PlayerInfo.Money += 100;
        PlayerInfo.EndEvent();","PlayerInfo.AddBless(""blessing_5"");PlayerInfo.AddBless(""blessing_5"");
        PlayerInfo.EndEvent();",,,"Vars[""Choice1""]=""1"";
Vars[""Choice2""]=""1"";",
2,PlayerInfo.Wisdom+=4; PlayerInfo.EndEvent();,"if (PlayerInfo.CardList.Count>0)
        {
            PlayerInfo.CopyCard(PlayerInfo.CardList[^1].InstanceID);
        }
        PlayerInfo.EndEvent();",,,"Vars[""Choice1""]=""1"";
Vars[""Choice2""]=""1"";",
3,"OutFightSelectCardToAction(""3"",PlayerInfo.CardList.ToList(),(cardList)=>{
            foreach (var card in cardList)
                    {
                        string toTag = """";
                        int a = PlayerInfo.DefaultRoll;
                        if (a < 20)
                        {
                            toTag = ""Burnout"";
                        }
                        else if (a < 40)
                        {
                            toTag = ""Froze"";
                        }
                        else if (a < 60)
                        {
                            toTag = ""Instant"";
                            if (card.Vars[""Tag""].Contains(""Froze"") )
                            {
                                toTag = ""Retain"";
                            }
                        }
                        else if (a < 70)
                        {
                            toTag = ""Recycle"";
                        }
                        else
                        {
                            toTag = ""Retain"";
                        }


                            card.Vars[""Tag""] +="","" + toTag;
                    }}); PlayerInfo.EndEvent();",PlayerInfo.Wisdom += 3; PlayerInfo.EndEvent();,,,"Vars[""Choice1""]=""1"";
Vars[""Choice2""]=""1"";",
4,"PlayerInfo.RandomAddCard(""1"");PlayerInfo.AddBless(""blessing_5"");
        PlayerInfo.EndEvent();","PlayerInfo.RandomAddRelic(""1"");
        PlayerInfo.EndEvent();",PlayerInfo.EndEvent();,,"Vars[""Choice1""]=""1"";
Vars[""Choice2""]=""1"";
Vars[""Choice3""]=""1"";",
*7,"PlayerInfo.Reward += 1;
        string levelId="""";
        int a = PlayerInfo.DefaultRoll;
        if (a<33)
        {
            levelId = ""level_10026"";
        }
        else if(a<66)
        {
            levelId = ""level_10027"";
        }
        else
        {
            levelId = ""level_10028"";
        }
        Vars[""Use1""] = levelId;
PlayerInfo.EndEvent();",PlayerInfo.EndEvent();,,,"Vars[""Choice1""]=""1"";
Vars[""Choice2""]=""1"";","if (Vars.ContainsKey(""Use1""))  
        {PlayerInfo.AnnounceEventDone();
            PlayerInfo.StartLevel(""Fight"", Vars[""Use1""]);
        }
        else
        {
            PlayerInfo.EventTryChangeMap();
        }"
8,"PlayerInfo.RandomAddRelic(""1"");PlayerInfo.EndEvent();","PlayerInfo.AddRelic(""relic_77"");
        PlayerInfo.Money -= 50;
         PlayerInfo.EndEvent();","PlayerInfo.AddRelic(""relic_78"");
        PlayerInfo.Money -= 200;
         PlayerInfo.EndEvent();",,"Vars[""Choice1""] = ""1"";
        if (PlayerInfo.Money<50)
        {
            Vars[""Choice2""] = ""2"";
        }
        else
        {
            Vars[""Choice2""] = ""1"";
        }
        if (PlayerInfo.Money<200)
        {
            Vars[""Choice3""] = ""2"";
        }
        else
        {
        Vars[""Choice3""] = ""1"";
        }
       ",
9," PlayerInfo.ContinueEvent(""2"");","PlayerInfo.Perceive += 3;
        PlayerInfo.EndEvent();",,,"Vars[""Choice1""]=""1"";
Vars[""Choice2""]=""1"";",
Sub_9_2,"Vars[""Use1""] = ""True"";
       
     PlayerInfo.EndEvent();",,,,"Vars[""Choice1""]=""1"";
","if (Vars.ContainsKey(""Use1""))
        {
            PlayerInfo.AnnounceEventDone();
            PlayerInfo.StartLevel(""Fight"", ""elite"");
        }else
        {
            PlayerInfo.EventTryChangeMap();
        }"
10,"int a=PlayerInfo.DefaultRoll-PlayerInfo.Lucky*5/4;
        Vars[""ThisCount""] = (int.Parse(Vars[""ThisCount""]) + 1).ToString();
        if ((int.Parse(Vars[""ThisCount""]) != 6) &&(a < 100 - 100 /(7- int.Parse(Vars[""ThisCount""]))) )
        {
            if (int.Parse(Vars[""ThisCount""]) < 3)
            {
                PlayerInfo.Money += 40 * int.Parse(Vars[""ThisCount""]);
            }
            else
            {
                PlayerInfo.RandomAddRelic(""1"");
                PlayerInfo.Money += 100;
            }
            PlayerInfo.ChangeEventSubtip(@""<good>(.*?)<\/good>"");
            if (Vars[""ThisCount""]==""5"")
            {
                PlayerInfo.UpdateAch(""clean_shot"",1);
                PlayerInfo.LockChoice(""1"");
            PlayerInfo.EndEvent();
            }
        }
        else
        {
            PlayerInfo.LockChoice(""1"");
            PlayerInfo.Hp =1;
            PlayerInfo.EndEvent();
            PlayerInfo.ChangeEventSubtip(@""<bad>(.*?)<\/bad>"");
        }",PlayerInfo.EndEvent();,,,"Vars[""Choice1""]=""1"";
Vars[""Choice2""]=""1"";",
11,"PlayerInfo.Wisdom -= 1;
        PlayerInfo.Perceive -= 1;
        PlayerInfo.Strength += 2;
 Vars[""ThisCount""]=(int.Parse(Vars[""ThisCount""]) + 1).ToString();
        if (int.Parse(Vars[""ThisCount""]) >= 8)
        {
            PlayerInfo.EndEvent();
        }","PlayerInfo.Wisdom += 2;
        PlayerInfo.Perceive -= 1;
        PlayerInfo.Lucky -= 1;
 Vars[""ThisCount""]=(int.Parse(Vars[""ThisCount""]) + 1).ToString();
        if (int.Parse(Vars[""ThisCount""]) >= 8)
        {
            PlayerInfo.EndEvent();
        }","PlayerInfo.Lucky -= 1;
        PlayerInfo.Perceive += 2;
        PlayerInfo.Strength -= 1;
        Vars[""ThisCount""]=(int.Parse(Vars[""ThisCount""]) + 1).ToString();
        if (int.Parse(Vars[""ThisCount""]) >= 8)
        {
           PlayerInfo.EndEvent();
        }",PlayerInfo.EndEvent();,"Vars[""Choice1""]=""1"";
        Vars[""Choice2""]=""1"";
        Vars[""Choice3""]=""1"";
        Vars[""Choice4""] = ""1"";
        int a=PlayerInfo.DefaultRoll/25;
        if (a>3)
        {
            a = 3;
        }
        else if (a < 1)
        {
            a = 1;
        }
        Vars[""Choice"" + (a )] = ""0""; ",
12,"if (PlayerInfo.Money >= 20&&PlayerInfo.CardTotalCount<PlayerInfo.Wisdom+18)
        {
            PlayerInfo.RandomAddCard(""1"");
            PlayerInfo.Money -= 20;
            if (PlayerInfo.Money < 20)
            {
                PlayerInfo.LockChoice(""1"");
            }
        }
        else
            {
                PlayerInfo.LockChoice(""1"");
            }  ","if (PlayerInfo.TrueCount >= 5)
        {
            PlayerInfo.RandomAddBless(""1"");
            PlayerInfo.TrueCount -= 5;
            if (PlayerInfo.TrueCount < 5)
            {
                PlayerInfo.LockChoice(""2"");
            }
        }
        else
            {
                PlayerInfo.LockChoice(""2"");
            } Vars[""ThisCount""]=(int.Parse(Vars[""ThisCount""]) + 1).ToString();
        if (int.Parse(Vars[""ThisCount""]) >= 8)
        {
            PlayerInfo.EndEvent();
        }",PlayerInfo.EndEvent();,,"if (PlayerInfo.Money>=20)
        {
            Vars[""Choice1""]=""1"";
        }
        else
        {
            Vars[""Choice1""]=""2"";
        }
        if (PlayerInfo.TrueCount>=5)
        {
            Vars[""Choice2""]=""1"";
        }
        else
        {
            Vars[""Choice2""]=""2"";
        }
Vars[""Choice3""]=""1"";",
13,"PlayerInfo.Reward += 1;
        Vars[""Use1""]=""True"";
        PlayerInfo.EndEvent();",PlayerInfo.EndEvent();,,,"Vars[""Choice1""]=""1"";
Vars[""Choice2""]=""1"";","if (Vars.ContainsKey(""Use1""))
        {PlayerInfo.AnnounceEventDone();
            PlayerInfo.StartLevel(""fakefight"",""elite"");
        }else
        {
            PlayerInfo.EventTryChangeMap();
        }"
14,"PlayerInfo.Money += 120;
        PlayerInfo.EndEvent();","PlayerInfo.MaxHp += 10;
        PlayerInfo.EndEvent();",,,"Vars[""Choice1""]=""1"";
Vars[""Choice2""]=""1"";",
*15,PlayerInfo.Money += 400;EndTheGame();,"PlayerInfo.AddBless(""blessing_2"");
        PlayerInfo.EndEvent();",,,"Vars[""Choice1""]=""1"";
Vars[""Choice2""]=""1"";",
16,"PlayerInfo.AddBless(""blessing_36"");
        PlayerInfo.EndEvent();",PlayerInfo.EndEvent();,,,"Vars[""Choice1""]=""1"";
Vars[""Choice2""]=""1"";",
17,"PlayerInfo.Money += 100;
        PlayerInfo.EndEvent();","PlayerInfo.MaxHp += 20;PlayerInfo.Hp = PlayerInfo.MaxHp;
        PlayerInfo.EndEvent();",,,"Vars[""Choice1""]=""1"";
Vars[""Choice2""]=""1"";",
18,"if (PlayerInfo.Money >= 20)
        {
            int a = PlayerInfo.DefaultRoll + PlayerInfo.Lucky;
            if (a > 80)
            {
                PlayerInfo.RandomAddRelic(""1"");
                PlayerInfo.ChangeEventSubtip(@""<good>(.*?)<\/good>"");
            }
            else if (a > 40)
            {
                PlayerInfo.RandomAddCard(""1"");
                PlayerInfo.ChangeEventSubtip(@""<Normal>(.*?)<\/Normal>"");
            }
            else
            {
                PlayerInfo.ChangeEventSubtip(@""<bad>(.*?)<\/bad>"");
            }
            PlayerInfo.Money -= 20;
            if (PlayerInfo.Money < 20)
            {
                PlayerInfo.LockChoice(""1"");
            }
        }
        else
        {
            PlayerInfo.LockChoice(""1"");
        }  Vars[""ThisCount""]=(int.Parse(Vars[""ThisCount""]) + 1).ToString();
        if (int.Parse(Vars[""ThisCount""]) >= 8)
        {
            PlayerInfo.EndEvent();
        }",PlayerInfo.EndEvent();,,,"if (PlayerInfo.Money>=20)
        {
            Vars[""Choice1""]=""1"";
        }Vars[""Choice2""]=""1"";",
19,"PlayerInfo.AddRelic(""relic_79"");
        PlayerInfo.EndEvent();","PlayerInfo.AddRelic(""relic_80"");
        PlayerInfo.EndEvent();",,,"Vars[""Choice1""]=""1"";
Vars[""Choice2""]=""1"";",
20,"if (PlayerInfo.Money >= 20)
        {
            int a = PlayerInfo.DefaultRoll ;
            if (a > 75)
            {
                PlayerInfo.Wisdom+=2;
                PlayerInfo.ChangeEventSubtip(@""<wis>(.*?)<\/wis>"");
            }
            else if (a > 50)
            {
                PlayerInfo.Strength+=1;
                PlayerInfo.ChangeEventSubtip(@""<str>(.*?)<\/str>"");
            }
            else if (a > 25)
            {
                PlayerInfo.Lucky+=2;
                PlayerInfo.ChangeEventSubtip(@""<lucky>(.*?)<\/lucky>"");
            }
            else
            {
                PlayerInfo.Perceive+=1;
                PlayerInfo.ChangeEventSubtip(@""<per>(.*?)<\/per>"");
            }
            PlayerInfo.Money -= 20;
            if (PlayerInfo.Money < 20)
            {
                PlayerInfo.LockChoice(""1"");
            }
        }
        else
        {
            PlayerInfo.LockChoice(""1"");
        }  Vars[""ThisCount""]=(int.Parse(Vars[""ThisCount""]) + 1).ToString();
        if (int.Parse(Vars[""ThisCount""]) >= 4)
        {
            PlayerInfo.EndEvent();
        }","
        PlayerInfo.EndEvent();",,,"if (PlayerInfo.Money>=20)
        {
            Vars[""Choice1""]=""1"";
        }Vars[""Choice2""]=""1"";",
21,"PlayerInfo.TrueCount+=20;
        PlayerInfo.Wisdom+=3;
        PlayerInfo.EndEvent();",,,,"Vars[""Choice1""]=""1"";",
*1001,PlayerInfo.EndEvent();,,,,"Vars[""Choice1""]=""1"";",
*1002,"PlayerInfo.SetGameVar(""HasSix"",""True"");
        PlayerInfo.SetGameVar(""EndBoss"",""map_999"");
       PlayerInfo.EndEvent();","PlayerInfo.SetGameVar(""HasSix"",""False"");
       PlayerInfo.EndEvent();","PlayerInfo.SetGameVar(""HasSix"",""True"");
        PlayerInfo.SetGameVar(""EndBoss"",""map_1001"");
       PlayerInfo.EndEvent();",,"Vars[""Choice1""]=""1"";
Vars[""Choice2""]=""1"";Vars[""Choice3""]=""1"";",
*2001,"for (int i = 0; i < 3; i++)
        {
            PlayerInfo.AddBless(DataId.blessing_8);
        }
        
        PlayerInfo.EndEvent();","for (int i = 0; i < 2; i++)
        {
            PlayerInfo.AddBless(DataId.blessing_20);
        }
        
        PlayerInfo.EndEvent();","PlayerInfo.MaxHp+=20;
        PlayerInfo.EndEvent();",,"Vars[""Choice1""]=""1"";
Vars[""Choice2""]=""1"";
Vars[""Choice3""]=""1"";","PlayerInfo.StartLevel(""build"",""break"");"
*2002,"PlayerInfo.SetGameVar(""HasSix"",""True"");
        PlayerInfo.SetGameVar(""EndBoss"",""map_999"");
       PlayerInfo.EndEvent();","PlayerInfo.SetGameVar(""HasSix"",""True"");
        PlayerInfo.SetGameVar(""EndBoss"",""map_1001"");
       PlayerInfo.EndEvent();",PlayerInfo.EndEvent();,,"Vars[""Choice1""]=""1"";
Vars[""Choice2""]=""1"";
Vars[""Choice3""]=""1"";",
*2003,"PlayerInfo.ChangeSelected(""4"");
        PlayerInfo.MaxHp+=20;
        PlayerInfo.ContinueEvent(""2"");","PlayerInfo.RandomrelicByRarity(""3"");
        PlayerInfo.RandomcardByRarity(""3"");
        PlayerInfo.ContinueEvent(""3"");",,,"Vars[""Choice1""]=""1"";
Vars[""Choice2""]=""1"";",
Sub_*2003_2,PlayerInfo.EndEvent();,,,,"Vars[""Choice1""]=""1"";",
Sub_*2003_3,PlayerInfo.EndEvent();,,,,"Vars[""Choice1""]=""1"";",
*2004,"PlayerInfo.MaxHp+=20;
       PlayerInfo.SetGameVar(""Branch"",""1"");
        PlayerInfo.ContinueEvent(""2"");","PlayerInfo.MaxHp+=20;PlayerInfo.SetGameVar(""Branch"",""2"");
  PlayerInfo.ContinueEvent(""3"");",,,"Vars[""Choice1""]=""1"";
Vars[""Choice2""]=""1"";",
Sub_*2004_2,PlayerInfo.EndEvent();,,,,"Vars[""Choice1""]=""1"";",
Sub_*2004_3,PlayerInfo.EndEvent();,,,,"Vars[""Choice1""]=""1"";",
*2005,"
        PlayerInfo.SetGameVar(""ExCardBottom"",""1"");PlayerInfo.Wisdom+=0;
        PlayerInfo.EndEvent();","PlayerInfo.MoneyMultiplier-=10;
        PlayerInfo.EndEvent();",,,"Vars[""Choice1""]=""1"";
Vars[""Choice2""]=""1"";",
*2006,"Vars[""Use1""]=""true"";
        PlayerInfo.Hp+=PlayerInfo.MaxHp/5;
        PlayerInfo.ContinueEvent(""2"");","if (DefaultDice.WithRange(0,100).Roll().Value+PlayerInfo.Lucky>90)
        {
            PlayerInfo.RandomrelicByRarity(""3"");
            PlayerInfo.ChangeEventSubtip(@""<good>(.*?)<\/good>"");
            PlayerInfo.ContinueEvent(""3"");
        }
        else
        {
            Vars[""Use1""]=""true"";
            PlayerInfo.ContinueEvent(""4"");
        }",,,"Vars[""Choice1""]=""1"";
Vars[""Choice2""]=""1"";",
Sub_*2006_2,PlayerInfo.EndEvent();,,,,"Vars[""Choice1""]=""1"";"," PlayerInfo.AnnounceEventDone();
            PlayerInfo.SetGameVar(""HasSix"",""True"");
        PlayerInfo.SetGameVar(""EndBoss"",""map_1002"");
            PlayerInfo.StartLevel(""Fight"", ""level_10049"");"
Sub_*2006_3,PlayerInfo.EndEvent();,,,,"Vars[""Choice1""]=""1"";",
Sub_*2006_4,PlayerInfo.EndEvent();,,,,"Vars[""Choice1""]=""1"";"," PlayerInfo.AnnounceEventDone();
            PlayerInfo.SetGameVar(""HasSix"",""True"");
        PlayerInfo.SetGameVar(""EndBoss"",""map_1002"");
            PlayerInfo.StartLevel(""Fight"", ""level_10049"");"
*2007,"PlayerInfo.AddBless(""blessing_*49"");
        PlayerInfo.EndEvent();","PlayerInfo.MaxHp-=PlayerInfo.MaxHp/5;
        PlayerInfo.EndEvent();",,,"Vars[""Choice1""]=""1"";
Vars[""Choice2""]=""1"";",
*2008,"string temp="""";
        if (PlayerInfo.ChooseVars!=null&&PlayerInfo.ChooseVars.Count>=2)
        {
            temp=PlayerInfo.ChooseVars[1];
        }
        if (temp==""Wisdom"")
        {
            PlayerInfo.Wisdom=0;
        }
        if (temp==""Lucky"")
        {
            PlayerInfo.Lucky=0;
        }
        if (temp==""Perceive"")
        {
            PlayerInfo.Perceive=0;
        }
        if (temp==""Strength"")
        {
            PlayerInfo.Strength=0;
        }
        PlayerInfo.ChangeAllVars(""5"");
        PlayerInfo.MaxHp+=PlayerInfo.MaxHp;
        PlayerInfo.ContinueEvent(""2"");","PlayerInfo.Money=0;
        PlayerInfo.MainVarUpperBound=99;
        PlayerInfo.SecondaryVarUpperBound=99;
        PlayerInfo.ChangeSelected(""5"");
        PlayerInfo.EndEvent();",,,"Vars[""Choice1""]=""1"";
Vars[""Choice2""]=""1"";",
Sub_*2008_2,PlayerInfo.EndEvent();,,,,"Vars[""Choice1""]=""1"";",
*2009,"PlayerInfo.Money+=333;
        PlayerInfo.RandomAddBless(""1"");
        PlayerInfo.RandomAddCardByDeck(""1"");
        PlayerInfo.RandomAddRelic(""1"");       PlayerInfo.ContinueEvent(""2"");","PlayerInfo.ChangeSelected(""5"");
        PlayerInfo.ContinueEvent(""3"");",,,"Vars[""Choice1""]=""1"";
Vars[""Choice2""]=""1"";",
Sub_*2009_2,PlayerInfo.EndEvent();,,,,"Vars[""Choice1""]=""1"";",
Sub_*2009_3,PlayerInfo.EndEvent();,,,,"Vars[""Choice1""]=""1"";",
*2010,"var cards=GetcardsOutLock().Where(x=>x[""Tag""].Contains(""Curse"")).ToList();
        int count=DefaultDice.WithRange(0,cards.Count()-1).Roll().Value;
        DataConfig temp=new DataConfig(cards[count][""Id""],DataType.Card);
        temp.Vars[""Tag""]+="",Eternal"";
        PlayerInfo.AddCardByData(temp);
        PlayerInfo.Money+=300;
        PlayerInfo.ChangeAllVars(""4"");
        PlayerInfo.EndEvent();","int count=PlayerInfo.RelicCount*3;
        PlayerInfo.RandomAddBless(count.ToString());
        PlayerInfo.EndEvent();",,,"Vars[""Choice1""]=""1"";
Vars[""Choice2""]=""1"";",
*2011,"PlayerInfo.OtherVarUpperBound=30;
        if (!PlayerInfo.ChooseVars.Contains(""Strength""))
        {
            PlayerInfo.Strength+=5;
        }
        if (!PlayerInfo.ChooseVars.Contains(""Wisdom""))
        {
            PlayerInfo.Wisdom+=5;
        }
        if (!PlayerInfo.ChooseVars.Contains(""Perceive""))
        {
            PlayerInfo.Perceive+=5;
        }
        if (!PlayerInfo.ChooseVars.Contains(""Lucky""))
        {
            PlayerInfo.Lucky+=5;
        }
        PlayerInfo.ContinueEvent(""2"");","PlayerInfo.MaxHp+=100;
        PlayerInfo.Money+=500;
        PlayerInfo.ContinueEvent(""3"");",,,"Vars[""Choice1""]=""1"";
Vars[""Choice2""]=""1"";
","PlayerInfo.StartLevel(""build"",""break"");"
Sub_*2011_2,PlayerInfo.EndEvent();,,,,"Vars[""Choice1""]=""1"";",
Sub_*2011_3,PlayerInfo.EndEvent();,,,,"Vars[""Choice1""]=""1"";",
*2012,"PlayerInfo.TrueCount+=50;
        PlayerInfo.EndEvent();","OutFightSelectCardToAction(""1"",PlayerInfo.CardList.ToList(),(cardList)=>{
            foreach (var card in cardList)
                    {
                        PlayerInfo.CopyCard(card.InstanceID);
                    }}); PlayerInfo.EndEvent();",,,"Vars[""Choice1""]=""1"";
Vars[""Choice2""]=""1"";","PlayerInfo.StartLevel(""build"",""break"");"
*2013,"int count=PlayerInfo.Money/2;
        PlayerInfo.Money-=count;
        for (int i = 0; i < count/40; i++)
        {
            PlayerInfo.ChangeAllVars(""1"");
        }
        PlayerInfo.EndEvent();","PlayerInfo.AddRelic(""CrowdFundingRelic_29"");
        PlayerInfo.EndEvent();",,,"Vars[""Choice1""]=""1"";
Vars[""Choice2""]=""1"";","PlayerInfo.StartLevel(""build"",""break"");"
*2014,"PlayerInfo.AddBless(""blessing_*50"");
        PlayerInfo.EndEvent();","PlayerInfo.SetGameVar(""Difficulty"",(int.Parse(PlayerInfo.GetGameVar(""Difficulty""))+2).ToString());
        PlayerInfo.EndEvent();",,,"Vars[""Choice1""]=""1"";
Vars[""Choice2""]=""1"";","PlayerInfo.StartLevel(""build"",""break"");"
*2015,"PlayerInfo.ContinueEvent(""2"");","if (DefaultDice.WithRange(0,100).Roll().Value+PlayerInfo.Lucky>90)
        {
            PlayerInfo.RandomrelicByRarity(""4"");
            PlayerInfo.ChangeEventSubtip(@""<good>(.*?)<\/good>"");
            PlayerInfo.ContinueEvent(""3"");
        }
        else
        {
            PlayerInfo.ContinueEvent(""4"");
        }",,,"Vars[""Choice1""]=""1"";
Vars[""Choice2""]=""1"";",
Sub_*2015_2,PlayerInfo.EndEvent();,,,,"Vars[""Choice1""]=""1"";","PlayerInfo.AnnounceEventDone();
            PlayerInfo.SetGameVar(""HasSix"",""True"");
        PlayerInfo.SetGameVar(""EndBoss"",""map_1002"");
            PlayerInfo.StartLevel(""Fight"", ""level_10050"");"
Sub_*2015_3,PlayerInfo.EndEvent();,,,,"Vars[""Choice1""]=""1"";",
Sub_*2015_4,PlayerInfo.EndEvent();,,,,"Vars[""Choice1""]=""1"";","PlayerInfo.AnnounceEventDone();
            PlayerInfo.SetGameVar(""HasSix"",""True"");
        PlayerInfo.SetGameVar(""EndBoss"",""map_1002"");
            PlayerInfo.StartLevel(""Fight"", ""level_10050"");"
*2016,PlayerInfo.EndEvent();,,,,"Vars[""Choice1""]=""1"";",
*2017,PlayerInfo.EndEvent();,,,,"Vars[""Choice1""]=""1"";",
*2018,"PlayerInfo.ContinueEvent(""2"");","PlayerInfo.ContinueEvent(""3"");",,,"Vars[""Choice1""]=""1"";Vars[""Choice2""]=""1"";",
Sub_*2018_2,PlayerInfo.EndEvent();,,,,"Vars[""Choice1""]=""1"";",
Sub_*2018_3,"PlayerInfo.ContinueEvent(""4"");",,,,"Vars[""Choice1""]=""1"";",
Sub_*2018_4,PlayerInfo.EndEvent();,,,,"Vars[""Choice1""]=""1"";",
*2019,PlayerInfo.EndEvent();,,,,"Vars[""Choice1""]=""1"";",
*2020,PlayerInfo.EndEvent();,,,,"Vars[""Choice1""]=""1"";",