Id,Note,Name,Name_zh-Hant,Name_en,Name_ja,Description,Description_zh-Hant,Description_en,Description_ja,Tag1,Tag1_zh-Hant,Tag1_en,Tag1_ja,Tag2,Tag2_zh-Hant,Tag2_en,Tag2_ja,Tag3,Tag3_zh-Hant,Tag3_en,Tag3_ja,Tag4,Tag4_zh-Hant,Tag4_en,Tag4_ja
Id（唯一标识）,备注,名字,名字,Name,名前,描述,描述,Description,説明,显示的tag,顯示的tag,Displayed Tag,显示的tag,,,,,,,,,,,,
2,,破损表盘,破損錶盤,Broken Dial,壊れた文字盤,解锁遗物：破损表盘,解鎖遺物：破損錶盤,Unlock Relic: Broken Dial,遺物「壊れた文字盤」を解放,"<main>破损表盘</main>
<des>出牌时获得1点魔能</des>","<main>破損錶盤</main>
<des>出牌時獲得1點魔能</des>",<main>Broken Dial</main>\n<des>Gain 1 mana when playing cards</des>,"<main>壊れた文字盤</main>
<des>カードを使用する時、パワーを1獲得</des>",,,,,,,,,,,,
3,,强健体魄,強健體魄,Robust Physique,強健な肉体,最大生命值+5,最大生命值+5,Max Health +5,初期最大HP+5,,,,,,,,,,,,,,,,
4,,谈判技巧,談判技巧,Negotiation Skills,交渉術,商店每次刷新费用-5,商店每次刷新費用-5,Shop refresh cost -5,ショップのリフレッシュ費用-5,,,,,,,,,,,,,,,,
5,,冒险津贴,冒險津貼,Adventure Allowance,冒険手当,初始金币+10,初始金幣+10,Starting gold +10,初期ゴールド+10,,,,,,,,,,,,,,,,
6,,魔力涌动,魔力涌動,Surging Magic,魔力増幅,初始魔力+1,初始魔力+1,Starting Magic +1,初期魔力+1,,,,,,,,,,,,,,,,
7,,精神稳固,精神穩固,Mental Fortitude,精神安定,初始精神+1,初始精神+1,Starting Spirit +1,初期精神+1,,,,,,,,,,,,,,,,
8,,幸运增幅,幸運增幅,Lucky Enhancement,幸運増幅,初始幸运+1,初始幸運+1,Starting Luck +1,初期幸運+1,,,,,,,,,,,,,,,,
9,,感知强化,感知強化,Perception Enhancement,感知強化,初始感知+1,初始感知+1,Starting Perception +1,初期感知+1,,,,,,,,,,,,,,,,
10,,重生保险,重生保險,Rebirth Insurance,再生の保険,非最终领主战斗死亡时，脱离战斗。每次冒险只能触发一次。,非最終領主戰鬥死亡時，脫離戰鬥。每次冒險只能觸發一次。,"Once per adventure only, escape (exit combat) when dying in non-final boss battles.",冒険ごとに1回のみ、最終ボス以外の戦闘で死亡時に離脱する,,,,,,,,,,,,,,,,
16,,传奇之路,傳奇之路,The Road of Legends,伝説の道,在难度选择中，获取更多挑战选项,在難度選擇中，獲取更多挑戰選項,"In Difficulty Selection, get more challenge options",難易度選択で、より多くのチャレンジオプションを入手,,,,,,,,,,,,,,,,
17,,支配魔女,支配魔女,Witch of Domination,支配の魔女,解锁支配魔女 阿黛拉,解鎖支配魔女 阿黛拉,Unlock Witch of Domination Adele,支配の魔女 アデルを解放する。,,,,,,,,,,,,,,,,
18,,猎杀魔女,獵殺魔女,Hunting Witch,狩猟の魔女,解锁猎杀魔女 卡洛琳,解鎖獵殺魔女 卡洛琳,Unlock Hunting Witch Caroline,狩猟の魔女 キャロラインを解放する。,,,,,,,,,,,,,,,,
19,,混沌魔女,混沌魔女,Chaos Witch,カオスの魔女,解锁混沌魔女 厄米娅,解鎖混沌魔女 厄米婭,Unlock Chaos Witch Ermia,カオスの魔女 アーミヤを解放する。,,,,,,,,,,,,,,,,
20,,见习天使,見習天使,Apprentice Angel,見習い天使,解锁见习天使 可可,解鎖見習天使 可可,Unlock Apprentice Angel Coco,見習い天使 ココを解放する。,,,,,,,,,,,,,,,,
21,,拟态魔女,擬態魔女,Mimic Witch,擬態の魔女,解锁拟态魔女  薇薇安,解鎖擬態魔女  薇薇安,Unlock Mimic Witch Vivian,擬態の魔女 ヴィヴィアンを解放する。,,,,,,,,,,,,,,,,
22,,匣上黑猫,黑貓,Black Cat on the Box,箱上の黒猫,解锁随从 匣上黑猫,解鎖隨從 匣上黑貓,Unlock companion Black Cat on the Box,従者 箱上の黒猫を解放する。,,,,,,,,,,,,,,,,
23,,使魔猫猫,使魔貓貓,Fluffy Armament,使い魔の猫,解锁随从 使魔猫猫,解鎖隨從 使魔貓貓,Unlock companion Fluffy Armament,従者 使い魔の猫を解放する。,,,,,,,,,,,,,,,,
24,,小克莉斯娜,小克莉斯娜,Little Krisna,小さなクリスナ,解锁随从 小克莉斯娜,解鎖隨從 小克莉斯娜,Unlock companion Little Krisna,従者 小さなクリスナを解放する。,,,,,,,,,,,,,,,,
25,,超位仪式,超位儀式,Supreme Ritual,超位儀式,解锁卡包超位仪式,解鎖卡包超位儀式,Unlock card pack Supreme Ritual,超位儀式カードパックを解放する。,,,,,,,,,,,,,,,,
26,,混沌乐团,混沌樂團,Chaos Ensemble,カオス楽団,解锁卡包混沌乐团,解鎖卡包混沌樂團,Unlock card pack Chaos Ensemble,カオス楽団カードパックを解放する。,,,,,,,,,,,,,,,,
27,,爱与梦魇的阶梯,愛與夢魘的階梯,Stairway of Love and Nightmare,愛と悪夢の階段,解锁卡包爱与梦魇的阶梯,解鎖卡包愛與夢魘的階梯,Unlock card pack Stairway of Love and Nightmare,愛と悪夢の階段カードパックを解放する。,,,,,,,,,,,,,,,,
28,,蛇自阴影中袭来,蛇自陰影中襲來,The Snake Comes from the Shadows,蛇は影より襲い来る,解锁卡包蛇自阴影中袭来,解鎖卡包蛇自陰影中襲來,Unlock card pack The Snake Comes from the Shadows,蛇は影より襲い来るカードパックを解放する。,,,,,,,,,,,,,,,,
*29,,飞升之路,飛升之路,Path of Ascension,飛昇の道,解锁卡包飞升之路,解鎖卡包飛升之路,Unlock card pack Path of Ascension,飛昇の道カードパックを解放する。,,,,,,,,,,,,,,,,
30,,黑色巫术,黑色巫術,Black Sorcery,黒き巫術,解锁卡包黑色巫术,解鎖卡包黑色巫術,Unlock card pack Black Sorcery,黒き巫術カードパックを解放する。,,,,,,,,,,,,,,,,
31,,法术序列,法術序列,Spell Sequence,魔術シーケンス,解锁卡包法术序列,解鎖卡包法術序列,Unlock card pack Spell Sequence,魔術シーケンスカードパックを解放する。,,,,,,,,,,,,,,,,
32,,时空奇旅,時空奇旅,Chrono Adventure,時空奇旅,解锁卡包时空奇旅,解鎖卡包時空奇旅,Unlock card pack Chrono Adventure,時空奇旅カードパックを解放する。,,,,,,,,,,,,,,,,
33,,神话之路,神話之路,The Road of Myth,神話の道,在难度选择中，获取更多挑战选项,在難度選擇中，獲取更多挑戰選項,"In Difficulty Selection, get more challenge options",難易度選択で、より多くのチャレンジオプションを入手,,,,,,,,,,,,,,,,